name,url,priority,category,hq_country,remote_policy
1 Password,https://jobs.ashbyhq.com/1password,FALSE,saas,CA,global
Alpaca,https://job-boards.greenhouse.io/alpaca,FALSE,fintech,US,global
AppViewX,https://www.appviewx.com/company/careers,FALSE,saas,US,global
Appwrite,https://www.appwrite.careers,FALSE,saas,US,global
Arize AI,https://arize.com/careers,FALSE,saas,US,global
Ashby,https://www.ashbyhq.com/careers,FALSE,saas,US,global
AssemblyAI,https://www.assemblyai.com/careers,FALSE,saas,US,global
Attio,https://attio.com/careers,FALSE,saas,UK,global
beehiiv,https://beehiiv.bamboohr.com/careers,FALSE,saas,US,global
BetterStack,https://betterstack.com/careers,FALSE,devtool,CZ,global
Bolt.new,https://bolt.new/careers,FALSE,saas,US,global
Brave,https://brave.com/careers,FALSE,devtool,US,global
Buffer,https://buffer.com/journey,FALSE,saas,US,global
bunny.net,https://bunny.net/careers,FALSE,saas,SI,global
Cast AI,https://cast.ai/careers,FALSE,saas,US,global
Camunda,https://camunda.com/careers/all-jobs/,FALSE,saas,DE,global
Chili Piper,https://www.chilipiper.com/careers,FALSE,saas,US,global
Circle,https://circle.so/careers,FALSE,saas,US,global
Clerk,https://clerk.com/careers,FALSE,devtool,US,global
ClickHouse,https://job-boards.greenhouse.io/clickhouse,FALSE,saas,US,global
Clickup,https://clickup.com/careers,FALSE,saas,US,global
CoLab,https://www.colabsoftware.com/careers,FALSE,saas,CA,global
Cohere,https://jobs.ashbyhq.com/cohere,FALSE,saas,CA,global
Conduit,https://jobs.ashbyhq.com/Conduit,FALSE,saas,US,global
Customer.io,https://customer.io/careers,FALSE,saas,US,global
DataHub,https://datahub.com/company/careers,FALSE,saas,US,global
DBeaver,https://dbeaver.com/join-the-dbeaver-team,FALSE,devtool,US,global
Divio,https://www.divio.com/company/careers,FALSE,paas,SE,global
DoiT,https://careers.doit.com/,FALSE,,,
DuckDuckGo,https://duckduckgo.com/hiring,FALSE,saaas,US,global
Ecosia,https://jobs.ashbyhq.com/ecosia.org,FALSE,other,DE,global
ElevenLabs,https://elevenlabs.io/careers,FALSE,saas,UK,global
Feather Insurance,https://feather-insurance.com/careers,FALSE,fintech,DE,europe
Feather Insurance,https://feather-insurance.com/careers,FALSE,fintech,DE,europe
Featurebase,https://www.featurebase.app/careers,FALSE,saas,EE,global
Fingerprint,https://fingerprint.com/careers/jobs,FALSE,saas,US,global
Firecrawl,https://jobs.ashbyhq.com/firecrawl,FALSE,saas,US,global
Forto,https://careers.forto.com/forto-jobs,FALSE,saas,DE,global
GitBook,https://www.gitbook.com/careers,FALSE,saas,FR,europe
GitLab,https://about.gitlab.com/jobs/all-jobs,FALSE,saas,US,global
GlobalLogic,https://www.globallogic.com/careers/,FALSE,,,
Grafana Labs,https://grafana.com/careers/open-positions,FALSE,saas,US,global
Growe,https://growe.com/career,FALSE,game,PL,global
HappyRobot,https://jobs.ashbyhq.com/happyrobot.ai,FALSE,saas,US,global
HelpDocs,https://www.helpdocs.io/jobs,FALSE,saas,UK,global
Hightouch,https://hightouch.com/careers,FALSE,saas,US,global
Hopper,https://www.hopper.com/careers,FALSE,saas,CA,global
Hostaway,https://www.hostaway.com/careers,FALSE,,,
Infisical,https://infisical.com/careers,FALSE,saas,US,global
IP Fabric,https://ipfabric.io/jobs-listing,FALSE,saas,US,global
Kentik,https://www.kentik.com/careers,FALSE,saas,US,global
Kinsta,https://kinsta.com/careers,FALSE,saas,UK,global
Kit,https://kit.com/careers,FALSE,saas,US,global
Komoot,https://apply.workable.com/komoot,FALSE,saas,DE,europe
Kraken,https://jobs.ashbyhq.com/kraken.com,FALSE,saas,US,global
Kyan Helth,https://jobs.ashbyhq.com/kyanhealth,FALSE,saas,CH,global
Lakera,https://www.lakera.ai/careers,FALSE,saas,CH,global
LangChain,https://jobs.ashbyhq.com/langchain,FALSE,devtool,US,global
Langfuse,https://jobs.ashbyhq.com/langfuse,FALSE,saas,DE,europe
Ledgy,https://ledgy.com/careers,FALSE,saas,CH,europe
Linear,https://linear.app/careers,FALSE,devtool,US,global
Localyze,https://www.localyze.com/careers,FALSE,saas,DE,global
Metabase,https://www.metabase.com/jobs,FALSE,saas,US,global
Mintlify,https://jobs.ashbyhq.com/Mintlify,FALSE,saas,US,global
n8n,https://n8n.io/careers,FALSE,saas,DE,global
Nango,https://nango.dev/careers,FALSE,saas,US,global
OP Labs,https://jobs.ashbyhq.com/oplabs,FALSE,saas,US,global
Palta,https://palta.com/job,FALSE,saas,UK,europe
PandaDoc,https://job-boards.greenhouse.io/pandadoc,FALSE,saas,US,global
Parloa,https://www.parloa.com/careers,FALSE,saas,DE,global
Perspective,https://www.perspective.co/careers,FALSE,saas,DE,europe
Photoroom,https://jobs.ashbyhq.com/photoroom,FALSE,saas,FR,global
Planet Scale,https://job-boards.greenhouse.io/planetscale,FALSE,saas,US,global
Pleo,https://www.pleo.io/en/careers/jobs,FALSE,saas,DK,europe
Polar,https://jobs.ashbyhq.com/polar,FALSE,saas,SE,global
Poolside,https://poolside.ai/careers,FALSE,saas,FR,global
Prezi,https://prezi.com/cms/careers-prezi,FALSE,saas,HU,europe
PurpleRain,https://purplerain.freshteam.com/jobs,FALSE,saas,US,global
Railway,https://railway.com/careers,FALSE,devtool,US,global
Relai,https://relai.app/career,FALSE,fintech,CH,europe
Remote,https://remote.com/openings,FALSE,saas,US,global
Rerun,https://rerun.io/careers,FALSE,devtool,SE,global
Resend,https://resend.com/careers,FALSE,saas,US,global
Ruby Labs,https://jobs.ashbyhq.com/ruby-labs,FALSE,saas,UK,global
Runpod,https://job-boards.greenhouse.io/runpod,FALSE,infra,US,global
Sanity,https://www.sanity.io/careers,FALSE,saas,US,global
Sardine,https://www.sardine.ai/careers,FALSE,saas,US,global
Semaphore,https://semaphore.io/hiring,FALSE,devtool,RS,global
SerpAPI,https://serpapi.com/careers,FALSE,devtool,US,global
SigNoz,https://jobs.ashbyhq.com/SigNoz,FALSE,devtool,US,EU
Socket,https://jobs.ashbyhq.com/socket,FALSE,saas,US,global
Storyblok,https://www.storyblok.com/jobs,FALSE,saas,AT,global
Sumsub,https://careers.sumsub.com/jobs,FALSE,saas,UK,global
Supabase,https://supabase.com/careers,FALSE,devtool,fully-remote,global
Superside,https://careers.superside.com/jobs,FALSE,other,US,global
SwissBorg,https://jobs.lever.co/swissborg,FALSE,fintech,CH,europe
Tiger Data,https://www.tigerdata.com/careers,FALSE,devtool,US,global
Too Good To Go,https://www.toogoodtogo.com/en-gb/careers#open-roles,FALSE,saas,DK,global
Twist Bioscience,https://www.twistbioscience.com/company/careers,FALSE,biotech,US,global
Upwind,https://www.upwind.io/careers,FALSE,saas,US,global
Vercel,https://vercel.com/career,FALSE,saas,US,global
Yuno,https://y.uno/careers,FALSE,fintech,CO,global
Zapier,https://zapier.com/jobs,FALSE,saas,US,global
Zinier,https://www.zinier.com/careers,FALSE,saas,US,global
1 Second Everyday,https://1-second-everyday.breezy.hr,,,,
10up,https://10up.com/careers,,,,
15Five,https://www.15five.com/careers,,,,
2amigos,https://2amigos.us/our-team,,,,
37signals,https://37signals.com/jobs,,,,
3Commas,https://3commas.io,,,,
5Mins,https://www.5mins.ai/about/careers,,,,
7pace,https://www.7pace.com,,,,
Ably,https://ably.com/careers,,,,
Acrolinx,https://www.acrolinx.com/careers-at-acrolinx,,,,
AdButler,https://www.adbutler.com,,,,
Adomik,https://www.adomik.com,,,,
AgencyAnalytics,https://agencyanalytics.com/company/careers,,,,
Aha!,https://www.aha.io/company/careers,,,,
Ahrefs,https://ahrefs.com/jobs,,,,
Aikido,https://www.aikido.dev/careers,,,,
Airalo,https://www.airalo.com/airalo-careers/job-vacancies,,,,
Airbase,https://www.airbase.com,,,,
Aircall,https://aircall.io/careers,,,,
airfocus,https://airfocus.com/careers,,,,
Aiven,https://aiven.io/careers,,,,
Akamas,https://www.akamas.io/careers,,,,
AKASHA Foundation,https://akasha.org/careers,,,,
Aklamio,https://www.aklamio.com,,,,
Alan,https://alan.com/en/careers,,,,
Algolia,https://www.algolia.com/careers,,,,
Algrano,https://www.algrano.com/en/careers,,,,
Alitu,https://alitu.com,,,,
Alley,https://alley.com/careers,,,,
Alpaca,https://alpaca.markets/hiring,,,,
AmaZix,https://www.amazix.com,,,,
Amitree,https://www.amitree.com/about,,,,
Amplemarket,https://www.amplemarket.com/careers,,,,
Analog Republic,https://analogrepublic.com,,,,
Angie Hospitality,https://angie.ai,,,,
Animalz,https://www.animalz.co/jobs,,,,
antidote,https://antidote.email,,,,
Appcues,https://www.appcues.com/company#work,,,,
Appsmith,https://www.appsmith.com,,,,
Appwrite,https://www.appwrite.careers,,,,
Apryse,https://apryse.com/company/careers,,,,
ArangoDB,https://careers.arangodb.com,,,,
Arc,https://arc.dev,,,,
Argent,https://www.argent.xyz,,,,
Arkadium,https://corporate.arkadium.com/careers,,,,
Array,https://array.com/company/careers,,,,
Articulate,https://www.articulatemarketing.com,,,,
Artificial Labs,https://artificial.io,,,,
Asana,https://asana.com/jobs,,,,
Aula,https://www.aula.education/careers,,,,
Aura,https://www.aura.com/careers,,,,
Auth0,https://auth0.com/careers,,,,
Authory,https://authory.com,,,,
Automattic,https://automattic.com/work-with-us,,,,
Award Force,https://www.awardforce.com/careers,,,,
Awesome Motive,https://awesomemotive.com/career,,,,
Awesome Table,https://awesome-table.com,,,,
Baetes,https://home.baetes.com/career.html,,,,
Balkan Bros.,http://bb.agency/careers,,,,
Balsamiq,https://balsamiq.com/company/careers,,,,
Bandcamp,https://bandcamp.com/jobs,,,,
Bannerbear,https://www.bannerbear.com,,,,
Baremetrics,https://baremetrics.com/about#careers,,,,
Baymard Institute,https://baymard.com/jobs,,,,
Be My Guest,https://www.bemyguest.fm,,,,
Bearer,https://www.bearer.com/careers,,,,
Beefree,https://beefree.io/careers,,,,
beehiiv,https://careers.beehiiv.com,,,,
Bending Spoons,https://bendingspoons.com/careers,,,,
Better Proposals,https://betterproposals.io/careers,,,,
Better Stack,https://betterstack.com/careers,,,,
Beyond Pricing,https://beyondpricing.com/about/careers,,,,
bidstack,https://bidstack.com,,,,
Binance,https://www.binance.com/en/careers,,,,
Bird,https://bird.com/careers,,,,
Bit Zesty,https://bitzesty.com/careers,,,,
Biteable,https://biteable.com/careers,,,,
Blacktag,https://blacktag.co/careers,,,,
Blanket,https://blanket.ai,,,,
Bleeper,https://bleeper.io/careers,,,,
Blendr.io,https://www.blendr.io/careers,,,,
Blexr,https://www.blexr.com/work-with-us,,,,
Blinkist,https://www.blinkist.com/en/jobs,,,,
Blockstack,https://blockstack.org/careers,,,,
Bloggle,https://bloggle.app,,,,
Bloomreach,https://www.bloomreach.com/en/careers,,,,
Blueground,https://www.theblueground.com/careers,,,,
BlueLabs,https://www.bluelabs.eu,,,,
Bonfire,https://careers.bonfire.com,,,,
Bonsai,https://www.hellobonsai.com,,,,
Bookwhen,https://bookwhen.com/work-with-us,,,,
Boords,https://boords.com,,,,
Booster SEO,https://www.boosterseo.com,,,,
Borne,https://borneagency.com/careers/,,,,
Bound,https://www.bound.co/careers,,,,
Boundless,https://boundlesshq.com/careers,,,,
BrandBastion,https://www.brandbastion.com/join-us,,,,
Brave,https://brave.com/careers,,,,
Brevo,https://jobs.brevo.com,,,,
Bridebook,https://bridebook.co.uk,,,,
Brightflag,https://brightflag.com/careers,,,,
BriteCore,https://www.britecore.com/careers,,,,
Broadsign,https://broadsign.com/careers,,,,
BRYTER,https://bryter.io/careers,,,,
Bucketlist,https://bucketlistrewards.com,,,,
BuddyBoss,https://www.buddyboss.com,,,,
Buffer,https://buffer.com/journey,,,,
Builder.io,https://www.builder.io,,,,
Buildkite,https://buildkite.com/careers,,,,
bunny.net,https://bunny.net/careers,,,,
Butter,https://careers.butter.us,,,,
Calibre,https://calibreapp.com/careers,,,,
Calm,https://www.calm.com/careers,,,,
Campaign Monitor,https://www.campaignmonitor.com/company/careers,,,,
Canny,https://jobs.canny.io,,,,
Canonical,https://www.canonical.com/careers,,,,
Capsule,https://capsulecrm.com/jobs,,,,
Carbonfuture,https://www.carbonfuture.earth/careers,,,,
CartHook,https://carthook.com/careers,,,,
CartKit,https://www.cartkit.com/careers,,,,
Castor,https://www.castoredc.com,,,,
CDER.io,https://cder.io,,,,
Centrifuge,https://centrifuge.io,,,,
Chainalysis,https://www.chainalysis.com,,,,
Chameleon,https://www.chameleon.io/jobs,,,,
Change,https://www.changeinvest.com/careers,,,,
ChartMogul,https://jobs.chartmogul.com/,,,,
Chaser,https://chaserhq.com/jobs,,,,
Chatfuel,http://careers.chatfuel.com,,,,
Checkly,https://www.checklyhq.com/careers,,,,
Chili Piper,https://www.chilipiper.com/careers,,,,
Circle,https://circle.so,,,,
CircleCI,https://circleci.com/jobs,,,,
Citrusbyte,https://citrusbyte.com/careers,,,,
Clearbit,https://clearbit.com/about,,,,
Cleo,https://www.meetcleo.com/careers,,,,
Cleverclip,https://cleverclip.ch/en/jobs,,,,
Clevertech,https://www.clevertech.biz/careers,,,,
Cliniko,https://www.cliniko.com,,,,
Clipboard Health,https://www.clipboardhealth.com,,,,
Close,https://close.com/about,,,,
Cloud Academy,https://cloudacademy.recruitee.com,,,,
CloudBees,https://www.cloudbees.com/careers,,,,
CloudTalk,https://www.cloudtalk.io/careers,,,,
Clust,https://clustdoc.com,,,,
Coachbit,https://coachbit.com,,,,
CodeLathe,https://www.getfilecloud.com/apply-for-jobs,,,,
Coder,https://coder.com/careers,,,,
Coder Society,https://codersociety.com/join,,,,
Codeship,https://codeship.com/jobs,,,,
Cogsy,https://cogsy.com,,,,
CoinsPaid,https://coinspaid.com/careers,,,,
Colonist,https://colonist.io/careers,,,,
Colony,https://angel.co/colony/jobs,,,,
Combyne,https://careers.combyne.com,,,,
Connectio,https://connectio.io,,,,
ConsenSys,https://consensys.net/careers,,,,
Content Design London,https://contentdesign.london,,,,
Contentsquare,https://contentsquare.com/careers,,,,
Conversio,https://conversio.com,,,,
Conversion Rate Experts,https://conversion-rate-experts.com/careers,,,,
ConvertFlow,https://www.convertflow.com,,,,
Cotham Technologies,http://cothamtechnologies.com/careers,,,,
Countly,https://count.ly,,,,
Craft,https://craft.co/craft,,,,
CrateDB,https://cratedb.com/company/career,,,,
Crazy Egg,https://www.crazyegg.com,,,,
Crazy Games,https://jobs.crazygames.com,,,,
Creative Commons,https://creativecommons.org/about/team/opportunities,,,,
Creatively Squared,https://www.creativelysquared.com/about-us,,,,
CRISP,https://careers.crispstudio.es,,,,
Crowdcast,https://www.crowdcast.io/careers,,,,
Culture Trip,https://theculturetrip.com/freelance-jobs,,,,
Customer.io,https://customer.io/careers,,,,
D2iQ,https://d2iq.com/careers,,,,
D4H,https://d4htechnologies.com/about/careers,,,,
DADI,https://dadi.cloud/en/careers,,,,
Dashbird,https://dashbird.io,,,,
Dashlane,https://www.dashlane.com/about/careers,,,,
DataCamp,https://www.datacamp.com/careers,,,,
Dataiku,https://www.dataiku.com/company/careers/,,,,
DataKitchen,https://datakitchen.io/company.html#hiring,,,,
Dataquest,https://www.dataquest.io,,,,
DBL,https://dbl.ventures,,,,
dbt,https://www.getdbt.com/dbt-labs/open-roles,,,,
Dealfront,https://www.dealfront.com/careers,,,,
DebugBear,https://www.debugbear.com/jobs,,,,
Deel,https://www.letsdeel.com,,,,
DeepL,https://jobs.deepl.com,,,,
Delicious Brains,https://deliciousbrains.com/careers,,,,
deskbird,https://www.deskbird.com,,,,
Didomi,https://www.didomi.io/careers,,,,
Digax,https://www.digax.com,,,,
Digistore24,https://careers.digistore24.com/en,,,,
Discourse,https://www.discourse.org/jobs,,,,
DistroKid,https://careers.distrokid.com,,,,
DNSimple,https://dnsimple.com/jobs,,,,
Docker,https://www.docker.com/careers,,,,
Doconomy,https://www.doconomy.com,,,,
Doist,https://doist.com/careers,,,,
DoiT,https://careers.doit.com,,,,
Domestika,https://www.domestika.org/en/jobs/@domestika,,,,
Drip,https://www.drip.com/careers,,,,
Dropbox,https://www.dropbox.com/jobs,,,,
Dropified,https://www.dropified.com/careers,,,,
Drops,https://languagedrops.com,,,,
Dub,https://dub.co/careers,,,,
DuckDuckGo,https://duckduckgo.com/hiring,,,,
Dune,https://dune.com/careers,,,,
EasyPractice,https://www.easypractice.net,,,,
Eating Europe,https://www.eatingeurope.com/about-us,,,,
Ebury,https://careers.ebury.com,,,,
Ecosia,https://explore.ecosia.org/jobs,,,,
Edpuzzle,https://edpuzzle.com/jobs,,,,
Eedi,https://jobs.eedi.com,,,,
Eezy,http://www.eezy.com/jobs,,,,
Eight Sleep,https://www.eightsleep.com,,,,
Elastic,https://www.elastic.co/about/careers,,,,
Elegant Themes,https://www.elegantthemes.com/careers,,,,
Elementor,https://careers.elementor.com,,,,
Elevar,https://www.getelevar.com/careers,,,,
ElevenLabs,https://elevenlabs.io/careers,,,,
Ellipsis,https://getellipsis.com,,,,
EmailOctopus,https://emailoctopus.com/about-us,,,,
Energy Web,https://www.energyweb.org/careers,,,,
Engage,https://www.engagetech.com/about/careers,,,,
Enhancv,https://enhancv.com/careers,,,,
Enjin,https://enjin.io/about/careers,,,,
Entando,https://www.entando.com/page/en/careers,,,,
Error,https://error.agency/work-with-us,,,,
Esanjo,https://esanjo.com/careers,,,,
Etch,https://etch.co/jobs,,,,
Eventbrite,https://www.eventbritecareers.com ,,,,
EverAI,https://www.everai.ai,,,,
EverAI,https://www.everai.ai,,,,
Everli,https://about.everli.com/careers,,,,
Evervault,https://evervault.com/careers,,,,
Fairmarkit,https://www.fairmarkit.com/careers,,,,
Falkbuilt,https://falkbuilt.com,,,,
Famly,https://www.famly.co,,,,
Fastly,https://www.fastly.com/about/careers,,,,
Fauna,https://fauna.com/careers,,,,
Feather,https://feather-insurance.com/careers,,,,
Feeld,https://feeld.co/about/careers,,,,
Ferpection,https://ferpection.com/en/about,,,,
Festicket,https://festicket.workable.com,,,,
Figma,https://www.figma.com/careers,,,,
Figures,https://figures.hr,,,,
Filestage,https://careers.filestage.io/,,,,
Findify,https://findify.io/careers,,,,
Findymail,https://www.findymail.com/careers,,,,
Fingerprint,https://fingerprint.com/careers,,,,
Finom,https://careers.finom.co,,,,
Firstbase,https://www.firstbasehq.com/careers,,,,
Fitwell,https://www.fitwell.co,,,,
Fiverr,https://www.fiverr.com/jobs,,,,
Fizzer,https://www.fizzer.com/en/jobs,,,,
Flat,https://flat.io,,,,
Float,https://www.float.com/careers,,,,
Flodesk,https://flodesk.com/careers,,,,
Flourish,https://flourish.studio/jobs,,,,
FlowPress,https://www.flowpress.com/about-us,,,,
Fluent Forever,https://fluent-forever.com/careers,,,,
Flying Cat Marketing,https://flyingcatmarketing.com,,,,
Flyp,https://www.joinflyp.com,,,,
Flyt,https://flyt.io,,,,
Flywheel,https://getflywheel.com/about/careers,,,,
Forestry,https://forestry.io/careers,,,,
Format,https://www.format.com/jobs,,,,
Formidable,https://formidable.com,,,,
Formidable Forms,https://formidableforms.com/work-with-us,,,,
Formstack,https://www.formstack.com/careers,,,,
Fortnight Studio,https://fortnight.studio,,,,
Founders,https://www.founders.as/jobs,,,,
Frameable,https://frameable.com/careers,,,,
FreeAgent ,https://www.freeagent.com/careers,,,,
Freetrade,https://freetrade.io/careers,,,,
Frontify,https://www.frontify.com/en/career,,,,
Fulfilli,https://fulfilli.com/jobs,,,,
FullStory,https://www.fullstory.com/careers,,,,
G2i,https://www.g2i.co/developers,,,,
Gather,https://www.gather.town/careers,,,,
Gatsby,https://www.gatsbyjs.com/careers,,,,
Gelato,https://www.gelato.network/careers,,,,
Geneva,https://geneva.com,,,,
GetMyBoat,https://www.getmyboat.com,,,,
GetSocial,https://angel.co/getsocial/jobs,,,,
Ghost,https://careers.ghost.org,,,,
Giant Swarm,https://giantswarm.io,,,,
GitBook,https://www.gitbook.com/about,,,,
GitDuck,https://angel.co/company/gitduck/jobs,,,,
GitHub,https://github.com/about/careers,,,,
GitLab,https://about.gitlab.com/jobs,,,,
Gleanin,https://gleanin.com,,,,
GMB Fitness,https://gmb.io/hiring,,,,
Goboony,https://www.goboony.co.uk/info/jobs-at-goboony,,,,
Goodnotes,https://www.goodnotes.com/careers,,,,
Gorilla,https://www.gorilla.co/careers,,,,
GoSkills,https://www.goskills.com/careers,,,,
Grafana Labs,https://grafana.com/about/careers,,,,
Grafbase,https://grafbase.com/careers,,,,
Grammarly,https://www.grammarly.com/jobs,,,,
GraphCMS,https://graphcms.com/about-us,,,,
Graphy,https://graphyapp.com/careers,,,,
Gravity Forms,https://www.gravityforms.com/careers,,,,
Gravity Sketch,https://www.gravitysketch.com/careers,,,,
Grip,https://www.grip.events/careers,,,,
Groove,https://www.groovehq.com,,,,
Growth Machine,https://www.growthmachine.com/careers,,,,
Guilded,https://www.guilded.gg/jobs,,,,
Gumroad,https://gumroad.com,,,,
Gustav,https://www.hellogustav.com,,,,
Habitual,https://www.tryhabitual.com,,,,
HackerOne,https://www.hackerone.com/careers,,,,
Haja Networks,https://haja.io,,,,
HAL,https://www.hal.xyz/about,,,,
Halo,https://www.halo.science/careers,,,,
Harvest,https://www.getharvest.com/careers,,,,
HASH,https://hash.ai/careers,,,,
HashiCorp,https://www.hashicorp.com/jobs,,,,
Headway,https://makeheadway.com/careers,,,,
Heetch,https://www.heetch.com/en/jobs,,,,
Helical Levity,https://www.helical-levity.com/careers,,,,
Hellotext,https://www.hellotext.com/careers,,,,
Help Scout,https://www.helpscout.net/company/careers,,,,
HelpDocs,https://www.helpdocs.io/jobs,,,,
Herrmann,http://www.herrmannsolutions.com/careers,,,,
Highrise,http://www.joinhighrise.com/about,,,,
Hipcamp,https://www.hipcamp.com/en-US/about#careers,,,,
Hiro,https://www.hiro.so/careers,,,,
HiveMQ,https://www.hivemq.com/career,,,,
Holo,https://holo.host/careers,,,,
Hopin,https://hopin.com/careers,,,,
Hopper,https://hopper.com/careers,,,,
Hostaway,https://www.hostaway.com,,,,
Hostinger,https://www.hostinger.com/career,,,,
Hotel Spider,https://www.hotel-spider.com,,,,
Hotjar,https://careers.hotjar.com,,,,
Howspace,https://careers.howspace.com,,,,
HRLocker,https://www.hrlocker.com/careers,,,,
HubSpot,https://www.hubspot.com/careers,,,,
Hubstaff,https://hubstaff.com/jobs,,,,
Hugging Face,https://huggingface.co,,,,
Human Made,https://humanmade.com/hiring,,,,
HumanSignal,https://humansignal.com/careers,,,,
Humble,https://wearehumble.co.uk,,,,
Hunter,https://hunter.io/careers,,,,
Hygraph,https://jobs.hygraph.com,,,,
Hyperscience,https://hyperscience.com/careers,,,,
IFTTT,https://ifttt.com/careers,,,,
Indiez,https://www.indiez.io/join-us,,,,
Innovative Language Learning,https://www.innovativelanguage.com/careers,,,,
Inpsyde,https://inpsyde.com/en/jobs,,,,
Instana,https://www.instana.com/careers,,,,
Intelligent Trading Foundation,https://intelligenttrading.org,,,,
Intercom,https://www.intercom.com/careers,,,,
InTouch,https://www.intouchapp.co.uk/careers,,,,
Invisible Technologies,https://inv.tech,,,,
IPinfo.io,https://ipinfo.io/jobs,,,,
iubenda,https://careers.iubenda.com,,,,
JAAK,https://jaak.io,,,,
Jaumo,http://careers.jaumo.com,,,,
Jilt,https://jilt.com,,,,
Jimdo,https://jobs.ashbyhq.com/jimdo.com,,,,
Jobandtalent,https://jobandtalent.com/join-us,,,,
Jobbatical,https://www.jobbatical.com/jobs-and-careers,,,,
Joy Labs,https://joylabs.com,,,,
Joyride,http://careers.joyridedating.com,,,,
Juni,https://www.juni.co/careers,,,,
Just,https://www.gojust.com/careers/product-at-justfx,,,,
Kahoot!,https://kahoot.com/jobs,,,,
Karat,https://karat.com/careers,,,,
Kayako,https://kayako.com/about,,,,
Keenious,https://keenious.com,,,,
kencko,https://int.kencko.com/jobs,,,,
KeyCDN,https://www.keycdn.com/careers,,,,
Kickstarter,https://jobs.kickstarter.com,,,,
Kilo Health,https://kilo.health/career,,,,
Kinsta,https://kinsta.com/careers,,,,
Kisi,https://www.getkisi.com/careers,,,,
Kit,https://kit.com/careers,,,,
Knack,https://www.knack.com/careers,,,,
Kodify,https://kodify.recruitee.com,,,,
Koinly,https://careers.koinly.io,,,,
Kolau,https://www.kolau.com,,,,
Kona,https://www.heykona.com/careers,,,,
Konnected,https://konnected.io,,,,
Koru Kids,https://www.korukids.co.uk/careers,,,,
Kota,https://www.kota.io/careers,,,,
Koyo,https://www.koyoloans.com/work-at-koyo,,,,
Kraken,https://www.kraken.com,,,,
Kustomer,https://www.kustomer.com/careers,,,,
L+R,https://levinriegner.com/careers,,,,
Labster,https://www.labster.com/careers,,,,
Landbot,https://jobs.landbot.io,,,,
Lantern,https://www.lantern.so,,,,
Later,https://later.com/careers,,,,
LaterPay,https://www.laterpay.net/about,,,,
Leadjet,https://work.leadjet.io,,,,
LeadsBridge,https://leadsbridge.com,,,,
LearnCube,https://www.learncube.com,,,,
LemFi,https://lemfi.com,,,,
LendInvest,https://careers.lendinvest.com/#jobs,,,,
Lifetimely,https://www.lifetimely.io,,,,
Lighthouse,https://wearelighthouse.com,,,,
Lilli,https://www.intelligentlilli.com/work-with-us,,,,
Linear,https://linear.app/readme,,,,
Lingoda,https://www.lingoda.com/en/p/careers/,,,,
Lingokids,https://jobs.lingokids.com,,,,
LitCharts,https://www.litcharts.com/jobs,,,,
Literal,https://literal.club,,,,
Little Foxes Club,https://www.thelittlefoxesclub.com/careers,,,,
Little Voice,http://www.littlevoice.io,,,,
LiveChat,https://www.livechat.com/careers,,,,
Livestorm,https://jobs.livestorm.co,,,,
Localistico,https://localistico.com,,,,
LocalStack,https://www.localstack.cloud/careers,,,,
Loka,https://www.loka.com,,,,
Lokalise,https://lokalise.com/careers/#grnhse_app_section,,,,
Loom,https://www.loom.com/careers,,,,
Looper Insights,https://looperinsights.com/careers,,,,
Lufthansa Innovation Hub,https://lh-innovationhub.de/en/careers,,,,
Lune,https://lune.co/about,,,,
Magic Sandbox,https://www.magicsandbox.com,,,,
MagicBell,https://www.magicbell.com/careers,,,,
Magnolia,https://www.magnolia-cms.com/about/careers.html#openings,,,,
MailerLite,https://www.mailerlite.com/jobs,,,,
MailerSend,https://www.mailersend.com/jobs,,,,
MailPoet,https://www.mailpoet.com,,,,
Maître,https://maitreapp.co,,,,
Make,https://www.make.com/en/careers?location=All+Offices&department=All+Departments#jobsList,,,,
Makersite,https://makersite.io,,,,
Mangopay,https://mangopay.com/working-at-mangopay,,,,
Mansa Gaming,https://www.mansagaming.com,,,,
Manta Sleep,https://mantasleep.com,,,,
Manual,https://manual.recruitee.com,,,,
ManyChat,https://careers.manychat.com/positions,,,,
ManyPixels,https://www.manypixels.co,,,,
MapTiler,https://www.maptiler.com/jobs,,,,
Marketcolor,https://marketcolor.workable.com,,,,
MarsBased,https://marsbased.com/jobs,,,,
Marshmallow,https://www.marshmallow.com/jobs,,,,
Matchmade,https://matchmade.tv,,,,
Matter,https://matter.xyz/jobs,,,,
Mattermost,https://mattermost.com/careers,,,,
Maybe,https://jobs.maybe.co,,,,
Maze,https://maze.co/careers,,,,
Medium,https://job-boards.greenhouse.io/medium,,,,
Meilisearch,https://www.meilisearch.com,,,,
Melapress,https://melapress.com/careers,,,,
Memberful,https://memberful.com/jobs,,,,
MemberSpace,https://www.memberspace.com/jobs,,,,
Meta (Facebook),https://www.metacareers.com,,,,
Metalab,https://metalab.co/careers,,,,
Metomic,https://metomic.io/careers,,,,
Microverse,https://www.microverse.org,,,,
Mimo,https://getmimo.com/about-us#jobs-section,,,,
Minter.io,https://minter.io,,,,
Missinglettr,https://missinglettr.com,,,,
MistoBox,https://www.mistobox.com/jobs,,,,
Mixmax,https://mixmax.com/careers,,,,
Mixtiles,https://www.mixtiles.com,,,,
Mobile Jazz,https://mobilejazz.com/careers,,,,
Modern Tribe,https://tri.be/careers,,,,
Modulz,https://www.modulz.app/careers,,,,
Modus Create,https://moduscreate.com/careers,,,,
Monday,https://www.monday.vc,,,,
MongoDB,https://www.mongodb.com/careers,,,,
Monzo,https://monzo.com/careers,,,,
MoonPay,https://www.moonpay.com/careers,,,,
Moove,https://www.mooveagency.com/hiring,,,,
Most Studios,https://www.moststudios.com,,,,
Mothership,https://mothership.cx/careers,,,,
Mozilla,https://careers.mozilla.org,,,,
Much Better Adventures,https://www.muchbetteradventures.com/about/careers,,,,
MURAL,https://mural.co/careers,,,,
Musixmatch,https://about.musixmatch.com,,,,
Muxu.Muxu,https://muxumuxu.com/careers,,,,
MVP Factory,https://mvpfactory.co/company/careers,,,,
MWI,https://www.mwi.com/careers,,,,
MYPINPAD,https://www.mypinpad.com/careers,,,,
n8n,https://n8n.io,,,,
Namaste Technologies,https://careers.namastetechnologies.com,,,,
Namecheap,https://www.namecheap.com/careers,,,,
Nansen,https://www.nansen.ai/careers,,,,
Nash,https://nash.io,,,,
Natter,https://www.trynatter.com,,,,
Nearform,https://www.nearform.com/careers,,,,
Nebulab,https://nebulab.it/careers,,,,
NeoMam Studios,https://neomam.com,,,,
Neon,https://neon.tech/careers,,,,
Nerdwallet,https://www.nerdwallet.com/careers,,,,
NetData,https://my-netdata.io,,,,
Netguru,https://www.netguru.co/career,,,,
Netlify,https://www.netlify.com/careers,,,,
Nextail,https://nextail.co,,,,
Nightwatch,https://nightwatch.io/jobs,,,,
Niteo,https://niteo.co/careers,,,,
noddus,https://www.enterprise.noddus.com/careers,,,,
Noice,https://noice.com,,,,
Noiiz,https://jobs.noiiz.com,,,,
Noken,https://angel.co/company/noken/jobs,,,,
NomNom Insights,https://nomnominsights.com,,,,
Nordhealth,https://nordhealth.com/careers,,,,
Notion,https://www.notion.com/careers,,,,
Nugg,https://getnugg.com,,,,
Numrah,https://numrah.breezy.hr/,,,,
Occipital,https://occipital.com/jobs,,,,
Odin,https://www.joinodin.com,,,,
OffSec,https://www.offsec.com/careers,,,,
OkCupid,https://www.okcupid.com/careers,,,,
Olark,https://www.olark.com/jobs,,,,
OLIO,https://olioex.com/join-our-team,,,,
Omnipresent,https://www.omnipresent.com,,,,
On Deck,https://www.beondeck.com/careers,,,,
OnceHub,https://www.oncehub.com/careers,,,,
OneSignal,https://onesignal.com/careers,,,,
Onfleet,https://onfleet.com/careers,,,,
OnTheGoSystems,https://www.onthegosystems.com/jobs,,,,
OpenCraft,https://opencraft.com,,,,
OpenZeppelin,https://openzeppelin.com/jobs,,,,
Opera,https://jobs.opera.com,,,,
Optimile,https://www.optimile.eu/careers,,,,
Outliant,https://www.outliant.com/careers,,,,
Over,https://www.madewithover.com/jobs,,,,
Overlap,https://www.overlaphealth.com,,,,
Overleaf,https://www.overleaf.com/jobs,,,,
Oyster,https://www.oysterhr.com/careers,,,,
Packlane,https://packlane.com,,,,
Paddle,https://www.paddle.com/careers,,,,
Palta,https://palta.com/careers,,,,
Panda Game Manufacturing,https://pandagm.com,,,,
Pandable,https://pandable.co,,,,
PandaDoc,https://www.pandadoc.com/careers,,,,
Paperpile,https://paperpile.workable.com,,,,
Paperspace,https://use.paperspace.com/careers,,,,
Parabol,https://www.parabol.co/join,,,,
Parloa,https://www.parloa.com/careers,,,,
Passion.io,https://passion.io,,,,
Passionfroot,https://www.passionfroot.me/careers,,,,
Patchstack,https://patchstack.com/about,,,,
Pathable,https://pathable.com/careers,,,,
Paw,https://angel.co/company/paw,,,,
Paybear,https://www.paybear.io,,,,
payever,https://getpayever.com/careers-hamburg,,,,
Peanut,https://www.peanut-app.io,,,,
Pennylane,https://www.pennylane.com,,,,
PeopleDoc,https://www.people-doc.com/company/careers,,,,
PeopleForce,https://team.peopleforce.io/careers,,,,
Percona,https://www.percona.com/about-percona/careers,,,,
Perdoo,https://www.perdoo.com/careers,,,,
Perengo,https://angel.co/perengo/jobs,,,,
Perspective,https://www.perspective.co/careers,,,,
Pexels,https://angel.co/pexels/jobs,,,,
Phantom,https://phantom.com/careers,,,,
PhantomBuster,https://phantombuster.com,,,,
Phorest,https://www.phorest.com/about/careers,,,,
Photoroom,https://www.photoroom.com,,,,
Phrase,https://phrase.com/careers,,,,
Picsart,https://picsart.com/jobs,,,,
Piggy,https://www.joinpiggy.com/careers,,,,
Pigment,https://www.gopigment.com/careers,,,,
Piktochart,https://piktochart.com/careers,,,,
Pinpoint,https://workwithus.pinpointhq.com,,,,
Pitch,https://pitch.com/jobs,,,,
Pixelcabin,https://pixelcabin.io,,,,
Plain,https://www.plain.com/careers,,,,
planet.fans,https://planet.fans,,,,
Platform.sh,https://platform.sh/company/careers,,,,
Plato Design,https://www.useplato.com/jobs,,,,
Plausible Analytics,https://plausible.io,,,,
Pleo,https://www.pleo.io/en/careers,,,,
Plex,https://www.plex.tv/about/careers,,,,
Podia,https://www.podia.com/jobs,,,,
Podomatic,https://www.podomatic.com,,,,
Pollen,https://pollen.id,,,,
Pollenary,https://pollenary.com,,,,
Pony Studio,https://pony.studio/careers,,,,
Poptin,https://www.poptin.com,,,,
PostHog,https://posthog.com/careers,,,,
Postman,https://www.postman.com/company/careers/,,,,
pr.co,https://jobs.pr.co,,,,
PracticeHub,https://practicehub.io,,,,
Pressable,https://pressable.com/careers,,,,
Prezi,https://prezi.com/jobs,,,,
Prezly,https://angel.co/prezly/jobs,,,,
Primer,https://primer.io/team,,,,
Printify,https://jobs.printify.com,,,,
Prismic,https://prismic.io/jobs,,,,
Process Street,https://www.process.st/jobs,,,,
Product Hunt,https://www.producthunt.com,,,,
productboard,https://careers.productboard.com/#jobs,,,,
ProFinda,https://www.profinda.com/about,,,,
Prolific,https://www.prolific.co/careers,,,,
Proto.io,https://proto.io/en/jobs,,,,
Protocol Labs,https://protocol.ai/join,,,,
Proton,https://proton.me/careers,,,,
Proxify,https://career.proxify.io/en,,,,
Punchpass,https://punchpass.com/jobs,,,,
Qonto,https://qonto.com/en/careers,,,,
Quaderno,https://quaderno.io/jobs,,,,
Qualio,https://www.qualio.com/careers,,,,
QuickMail,https://quickmail.io/jobs,,,,
Quidco,https://www.quidco.com/careers,,,,
Quillbot,https://quillbot.com/careers,,,,
Quora,https://www.quora.com/careers,,,,
Qwilr,https://qwilr.com/jobs,,,,
Rail Europe,https://www.raileurope.com/en/careers,,,,
Railsware,https://railsware.com/careers,,,,
Rainforest,https://www.rainforestqa.com/careers,,,,
Raisely,https://www.raisely.com/careers,,,,
Rally,https://www.rallyon.com,,,,
Ratio,https://ratio.co.uk/careers,,,,
Raycast,https://www.raycast.com/careers,,,,
Raycast,https://www.raycast.com/careers,,,,
Razeware,https://www.raywenderlich.com,,,,
Ready,https://ready.so,,,,
RebelMouse,https://www.rebelmouse.com,,,,
Rebilly,https://www.rebilly.com/careers,,,,
Rebrandly,https://www.rebrandly.com/jobs,,,,
Recruiter Mill,https://recruitermill.com,,,,
Red Guava,https://www.redguava.com.au,,,,
Reddit,https://www.redditinc.com/careers,,,,
Reedsy,https://reedsy.com/about/team,,,,
Reevio,https://reevio.com,,,,
ReferralCandy,https://www.referralcandy.com/jobs,,,,
Refokus,https://www.refokus.com/careers,,,,
refurbed,https://www.refurbed.at/en-at/jobs,,,,
Reincubate,https://reincubate.com/about/jobs,,,,
Rejoy,https://rejoy.app,,,,
Relive,https://jobs.relive.cc,,,,
Remofirst,https://www.remofirst.com/careers,,,,
remonade,https://www.remonade.io,,,,
Remote,https://remote.com/careers,,,,
Resource Guru,https://resourceguruapp.com,,,,
Restream,https://restream.io/about#open-positions,,,,
Resume.io,https://resume.io,,,,
RevenueCat,https://www.revenuecat.com,,,,
Revolut,https://www.revolut.com/careers,,,,
ribot,https://ribot.co.uk/us,,,,
Rigoblock,https://rigoblock.com,,,,
Robo Wunderkind,https://www.robowunderkind.com/careers,,,,
Roon Labs,https://roonlabs.com/jobs.html,,,,
Ruby Labs,https://rubylabs.com/careers,,,,
Rydoo,https://www.rydoo.com/company/careers,,,,
Saagie,https://www.saagie.com,,,,
Safeguarding Monitor,http://safeguardingmonitor.co.uk,,,,
SafetyWing,https://safetywing.com/join-us,,,,
Sana,https://careers.sanabenefits.com,,,,
Sastrify,https://www.sastrify.com/careers,,,,
ScaleMath,https://scalemath.com/careers,,,,
Sched,https://sched.com/careers,,,,
Schedugram,https://schedugr.am/about-us,,,,
ScheduleOnce,https://www.scheduleonce.com/careers,,,,
School Space,https://school-space.org/about-us/join-us,,,,
Scientist.com,https://www.scientist.com/careers,,,,
Scopic Software,https://scopicsoftware.com/careers,,,,
ScrapingBee,https://www.scrapingbee.com,,,,
Scrapinghub,https://scrapinghub.com/jobs,,,,
SD Labs,https://apply.workable.com/sdlabs,,,,
Secret Benefits,https://www.secretbenefits.com,,,,
See Fashion,https://www.see.fashion/jobs,,,,
SellerCrowd,https://angel.co/sellercrowd/jobs,,,,
Semaphore,https://semaphoreci.com/hiring,,,,
Semrush,https://careers.semrush.com,,,,
Sendible,https://www.sendible.com/careers,,,,
Sequence,https://www.sequencehq.com,,,,
seQura,https://en.sequra.com,,,,
Series Eight,https://serieseight.com/careers,,,,
SerpApi,https://serpapi.com/careers,,,,
SessionLab,https://www.sessionlab.com/jobs,,,,
Sherpany,https://www.sherpany.com/en/careers/open-positions,,,,
Shipup,https://careers.shipup.co,,,,
Shogun,https://getshogun.com/about,,,,
Shopify,https://www.shopify.com/careers,,,,
Shoppe,https://www.shoppewith.me,,,,
Shoprocket,https://www.shoprocket.co,,,,
Silktide,https://silktide.com/careers,,,,
Silverfin,https://www.silverfin.com/en/careers,,,,
Simplero,https://simplero.com/careers,,,,
SimpleTexting,https://simpletexting.com/careers,,,,
SimplyAnalytics,https://simplyanalytics.com/careers,,,,
SiteGround,https://careers.siteground.com,,,,
Six to Start,https://www.sixtostart.com/workwithus,,,,
Skedda,https://www.skedda.com,,,,
Sketch,https://www.sketch.com/careers,,,,
Skrapp.io,https://skrapp.io,,,,
Skyscrapers,https://skyscrapers.eu/jobs,,,,
Slab,https://slab.com/careers,,,,
Slate,https://slateteams.com,,,,
SlideSpeak,https://slidespeak.co,,,,
Slite,https://slite.com/jobs,,,,
Smallpdf,https://smallpdf.com/careers,,,,
SmartBear,https://smartbear.com/company/careers,,,,
smartbnb,https://smartbnb.io,,,,
Smartcat,https://www.smartcat.com/careers,,,,
SmartrMail,https://www.smartrmail.com,,,,
Smile.io,https://smile.io/careers,,,,
Smily,https://www.smily.com/en/jobs,,,,
Snap Inc.,https://careers.snap.com,,,,
Snappa,https://snappa.com,,,,
Snowplow Analytics,https://snowplow.io/careers,,,,
SocialHub,https://socialhub.io/en/career,,,,
Sona,https://www.getsona.com,,,,
Sonatype,https://www.sonatype.com/careers,,,,
Soundsnap,https://jobs.soundsnap.com,,,,
Sourcegraph,https://about.sourcegraph.com/jobs,,,,
SparkLIT,https://www.sparklit.com/careers,,,,
SparkLoop,https://sparkloop.app/careers,,,,
Spendesk,https://www.spendesk.com/en-eu/careers,,,,
Spline,https://spline.design,,,,
SplitMetrics,https://splitmetrics.com/careers,,,,
Spoke.ai,https://spoke.ai/en/jobs,,,,
Spotify,https://lifeatspotify.com,,,,
Sqreen,https://www.sqreen.com/company#jobs,,,,
Square,https://careers.squareup.com/us/en/jobs,,,,
Squarespace,https://www.squarespace.com/about/careers,,,,
Stack Overflow,https://stackoverflow.com/company/work-here,,,,
Stacker,https://stacker.app/jobs,,,,
Starfish,https://starfish.team/jobs,,,,
Stark,https://www.getstark.co,,,,
Status,https://status.app/jobs,,,,
Stedi,https://stedi.com/careers,,,,
Sticker Mule,https://www.stickermule.com/careers,,,,
Stimulus,https://www.stimulus.com/jobs,,,,
Stora,https://stora.co/eu/careers,,,,
Storyblok,https://www.storyblok.com/jobs,,,,
Storyteller,https://www.getstoryteller.com/careers,,,,
Strapi,https://strapi.io/careers,,,,
Strategyzer,https://strategyzer.com,,,,
Stream,https://getstream.io/team,,,,
Stripe,https://stripe.com/jobs,,,,
Styla,https://www.styla.com,,,,
Sugatan,https://sugatan.io/careers,,,,
Supabase,https://supabase.com/careers,,,,
Superawesome,https://sprawsm.com/careers,,,,
Superfluid,http://jobs.superfluid.finance,,,,
SuperHi,https://www.superhi.com/jobs,,,,
Superlist,https://www.superlist.com/careers,,,,
Superside,https://www.superside.com/career,,,,
SupportBee,https://supportbee.com/blog/how-we-work,,,,
Surf Office,https://angel.co/the-surf-office/jobs,,,,
Surprise HR,https://surprisehr.com/company#jobs,,,,
Suse,https://www.suse.com/careers,,,,
Swapcard,https://www.swapcard.com/careers,,,,
Sweet Studio,https://www.sweet.studio/team,,,,
SwissBorg,https://www.swissborg.com/about,,,,
Swoogo,https://get.swoogo.com/careers,,,,
Syndica,https://syndica.io/careers,,,,
Synthesia,https://www.synthesia.io/careers,,,,
Tabby,https://tabby.ai/en-AE/careers,,,,
TableCheck,https://careers.tablecheck.com,,,,
Tackle.io,https://tackle.io/company/careers,,,,
Tales,https://taleswriter.com/careers,,,,
Talkinto,https://www.talkinto.com,,,,
TalkJS,https://talkjs.com/jobs,,,,
Task Analytics,https://www.taskanalytics.com,,,,
Teaching.com,http://jobs.teaching.com,,,,
Teamwork,https://careers.teamwork.com/jobs,,,,
Tellonym,https://info.tellonym.me/jobs,,,,
Temple,https://temple.design,,,,
Tempo,https://www.tempo.io/careers,,,,
Tendermint,https://tendermint.com/careers,,,,
Tenzir,https://tenzir.com/company/careers,,,,
TestDome,https://www.testdome.com,,,,
TestGorilla,https://www.testgorilla.com,,,,
The App Nest,https://join.theappnest.co.uk,,,,
The HOTH,https://www.thehoth.com/careers,,,,
The Picks & Shovels Co.,https://angel.co/picksco/jobs,,,,
The Remote Company,https://www.remotecompany.com/jobs,,,,
The Vaan Group,https://www.vaangroup.com,,,,
ThemeIsle,https://themeisle.com/about-us,,,,
Thingtesting,https://thingtesting.com/work-with-us,,,,
ThirdEye Labs,https://www.thirdeyelabs.com/open-positions,,,,
Thought Industries,https://www.thoughtindustries.com/careers,,,,
ThriveCart,https://thrivecart.com,,,,
Ticketmatic,https://www.ticketmatic.com,,,,
Ticketsolve,https://www.ticketsolve.com/careers,,,,
Tidio,https://careers.tidio.com,,,,
Timeline,https://www.timelineapp.co,,,,
Timely,https://timelyapp.com,,,,
Timeular,https://timeular.com/about-us,,,,
tinyBuild,https://www.tinybuild.com/jobs,,,,
TinySeed,https://tinyseed.com/careers,,,,
tl,dv,https://tldv.io,,,
Together,https://together.agency/careers,,,,
Toggl,https://toggl.com/jobs,,,,
Toptal,https://www.toptal.com/careers,,,,
Tortuga,https://www.tortugabackpacks.com/pages/careers,,,,
TourRadar,https://www.tourradar.com/who-we-are,,,,
Trait,https://www.trait.club/en,,,,
Trello,https://www.atlassian.com/company/careers/trello,,,,
Trim,https://www.asktrim.com/jobs,,,,
Tunnll,https://tunnll.com,,,,
Turn.io,https://www.turn.io/hiring,,,,
Tutuka,https://careers.smartrecruiters.com/tutuka,,,,
Twilio,https://www.twilio.com/company/jobs,,,,
Twitch,https://www.twitch.tv/jobs,,,,
Tyk,https://tyk.io/current-vacancies,,,,
Tymber,https://tymber.me,,,,
Typeform,https://www.typeform.com/careers,,,,
Typefully,https://typefully.com,,,,
Unhaggle,https://www.unhaggle.com,,,,
Universe,https://workatuniverse.com,,,,
Unlimit,https://www.unlimit.com/careers,,,,
Uscreen,https://www.uscreen.tv/careers,,,,
Userlist,https://userlist.com/careers,,,,
UserReplay,https://www.userreplay.com/company/careers,,,,
UTRUST,https://careers.utrust.com,,,,
Uxcel,https://uxcel.com,,,,
Vaadin,https://vaadin.com/company/careers,,,,
Vaultoro,https://angel.co/vaultoro/jobs,,,,
Veeqo,https://www.veeqo.com,,,,
Veeva Systems,https://www.veeva.com/meet-veeva/careers,,,,
Vercel,https://vercel.com/careers,,,,
Vero,https://www.getvero.com/careers,,,,
Vidalytics,https://www.vidalytics.com,,,,
vidIQ,https://careers.vidiq.com,,,,
Visible,https://visible.vc/careers,,,,
Visit.org,https://visit.org/careers,,,,
Visly,https://visly.app/careers,,,,
Voice123,http://voice123.com/about/careers,,,,
Voxnest,https://www.voxnest.com/join-us,,,,
Vue School,https://vueschool.io/jobs,,,,
Wayfx,https://wayfx.com,,,,
We Make Websites,https://www.wemakewebsites.com/about,,,,
Webflow,https://webflow.com/careers,,,,
WebFX,https://www.webfx.com/careers,,,,
Weflow,https://www.getweflow.com,,,,
Welcome,https://welcome.workable.com,,,,
WeRoad,https://career.weroad.travel,,,,
WeTransfer,https://wetransfer.com/explore,,,,
Whatagraph,https://whatagraph.com/career,,,,
Whereby (formerly appear.in),https://careers.whereby.com,,,,
Whimsical,https://whimsical.com/careers,,,,
Whitespectre,https://www.whitespectre.com/careers,,,,
Wholegrain Digital,https://www.wholegraindigital.com/jobs,,,,
Wifinity,https://wifinity.co.uk/work-for-us-2,,,,
Wikimedia Foundation,https://wikimediafoundation.org/about/jobs,,,,
Wildbit,https://wildbit.com,,,,
Wisely,https://angel.co/wise-ly/jobs,,,,
Wonderbly,https://www.backstage.wonderbly.com,,,,
workBK,https://www.workbk.studio,,,,
WorkFlex,https://careers.getworkflex.com,,,,
WP Buffs,https://wpbuffs.com/hiring,,,,
WP Media,https://wp-media.me,,,,
Wunderdogs,https://wunderdogs.co,,,,
X,https://careers.x.com,,,,
Xapo,https://xapo.com/careers,,,,
Xata,https://xata.io/careers,,,,
Xero,https://www.xero.com/careers,,,,
XWP,https://xwp.co/about/careers,,,,
Yazio,https://www.yazio.com/en/jobs,,,,
Yet Another Mail Merge,https://yamm.com,,,,
You Need A Budget,https://www.youneedabudget.com/careers,,,,
YouCanBookMe,https://youcanbook.me/jobs,,,,
Z1,https://www.z1.digital/team,,,,
Zaengle,https://zaengle.com,,,,
Zapier,https://zapier.com/jobs,,,,
Zapiet,https://www.zapiet.com/careers,,,,
Zealy,https://zealy.io/careers,,,,
Zeda Labs,https://zedalabs.com,,,,
Zelt,https://www.zelt.app/careers,,,,
Zendesk,https://jobs.zendesk.com/us/en,,,,
zenloop,https://www.zenloop.com/en/company/career,,,,
zero44,https://www.zero44.eu/career,,,,
Zerofy,https://www.zerofy.net,,,,
Zest,https://zestmeup.com/were-hiring,,,,
Ziggu,https://www.ziggu.io/jobs,,,,
Zipchat,https://zipchat.ai,,,,
ZOE,https://joinzoe.com,,,,
Zoom,https://zoom.us/careers,,,,
Zoomforth,https://www.zoomforth.com/about,,,,
ZSA Technology Labs,https://ergodox-ez.com,,,,
Zyper,https://zyper.com,,,,
Accessiway,https://accessiway.teamtailor.com/jobs,,,,
Contents,https://www.contents.com/careers/,,,,
Moov,https://www.linkedin.com/company/group-moov/jobs/,,,,
SiVola,https://www.linkedin.com/company/sivola-it/jobs/,,,,
Smartness,https://revolutpeople.com/smartness/public/careers,,,,
Scalapay,https://job-boards.eu.greenhouse.io/scalapaysrl,,,,
Up2You,https://apply.workable.com/u2y/,,,,
Spoki,https://www.linkedin.com/jobs/search/?currentJobId=4384855809&f_C=69484938&geoId=92000000&origin=COMPANY_PAGE_JOBS_CLUSTER_EXPANSION&originToLandingJobPostings=4384855809%2C4385353703%2C4384863323%2C4382948772%2C4387822312%2C4384805706%2C4384837873,,,,
1000farmacie,https://www.linkedin.com/company/1000farmacie/jobs/,,,,
Viceversa,https://goviceversa.com/it/careers/,,,,
Tundr,https://tundr-tech.notion.site/Unisciti-a-Tundr-25bed785695780eaa14bea40fef8aa6d,,,,
Subbyx,https://www.subbyx.com/en/work-with-us,,,,
Sibill,https://jobs.ashbyhq.com/sibill,,,,
Qomodo,https://apply.workable.com/qomodo/?lng=en,,,,
Breezy,https://jobs.breezy.hr,,,,
